row_id,target
soundscape_1000170626_akiapo_5,True
soundscape_1000170626_aniani_5,True
soundscape_1000170626_apapan_5,True
soundscape_1000170626_barpet_5,True
soundscape_1000170626_crehon_5,True
soundscape_1000170626_elepai_5,True
soundscape_1000170626_ercfra_5,True
soundscape_1000170626_hawama_5,True
soundscape_1000170626_hawcre_5,True
soundscape_1000170626_hawgoo_5,True
soundscape_1000170626_hawhaw_5,True
soundscape_1000170626_hawpet1_5,True
soundscape_1000170626_houfin_5,True
soundscape_1000170626_iiwi_5,True
soundscape_1000170626_jabwar_5,True
soundscape_1000170626_maupar_5,True
soundscape_1000170626_omao_5,True
soundscape_1000170626_puaioh_5,True
soundscape_1000170626_skylar_5,True
soundscape_1000170626_warwhe1_5,True
soundscape_1000170626_yefcan_5,True
soundscape_1000170626_akiapo_10,True
soundscape_1000170626_aniani_10,True
soundscape_1000170626_apapan_10,True
soundscape_1000170626_barpet_10,True
soundscape_1000170626_crehon_10,True
soundscape_1000170626_elepai_10,True
soundscape_1000170626_ercfra_10,True
soundscape_1000170626_hawama_10,True
soundscape_1000170626_hawcre_10,True
soundscape_1000170626_hawgoo_10,True
soundscape_1000170626_hawhaw_10,True
soundscape_1000170626_hawpet1_10,True
soundscape_1000170626_houfin_10,True
soundscape_1000170626_iiwi_10,True
soundscape_1000170626_jabwar_10,True
soundscape_1000170626_maupar_10,True
soundscape_1000170626_omao_10,True
soundscape_1000170626_puaioh_10,True
soundscape_1000170626_skylar_10,True
soundscape_1000170626_warwhe1_10,True
soundscape_1000170626_yefcan_10,True
soundscape_1000170626_akiapo_15,True
soundscape_1000170626_aniani_15,True
soundscape_1000170626_apapan_15,True
soundscape_1000170626_barpet_15,True
soundscape_1000170626_crehon_15,True
soundscape_1000170626_elepai_15,True
soundscape_1000170626_ercfra_15,True
soundscape_1000170626_hawama_15,True
soundscape_1000170626_hawcre_15,True
soundscape_1000170626_hawgoo_15,True
soundscape_1000170626_hawhaw_15,True
soundscape_1000170626_hawpet1_15,True
soundscape_1000170626_houfin_15,True
soundscape_1000170626_iiwi_15,True
soundscape_1000170626_jabwar_15,True
soundscape_1000170626_maupar_15,True
soundscape_1000170626_omao_15,True
soundscape_1000170626_puaioh_15,True
soundscape_1000170626_skylar_15,True
soundscape_1000170626_warwhe1_15,True
soundscape_1000170626_yefcan_15,True
soundscape_1000170626_akiapo_20,True
soundscape_1000170626_aniani_20,True
soundscape_1000170626_apapan_20,True
soundscape_1000170626_barpet_20,True
soundscape_1000170626_crehon_20,True
soundscape_1000170626_elepai_20,True
soundscape_1000170626_ercfra_20,True
soundscape_1000170626_hawama_20,True
soundscape_1000170626_hawcre_20,True
soundscape_1000170626_hawgoo_20,True
soundscape_1000170626_hawhaw_20,True
soundscape_1000170626_hawpet1_20,True
soundscape_1000170626_houfin_20,True
soundscape_1000170626_iiwi_20,True
soundscape_1000170626_jabwar_20,True
soundscape_1000170626_maupar_20,True
soundscape_1000170626_omao_20,True
soundscape_1000170626_puaioh_20,True
soundscape_1000170626_skylar_20,True
soundscape_1000170626_warwhe1_20,True
soundscape_1000170626_yefcan_20,True
soundscape_1000170626_akiapo_25,True
soundscape_1000170626_aniani_25,True
soundscape_1000170626_apapan_25,True
soundscape_1000170626_barpet_25,True
soundscape_1000170626_crehon_25,True
soundscape_1000170626_elepai_25,True
soundscape_1000170626_ercfra_25,True
soundscape_1000170626_hawama_25,True
soundscape_1000170626_hawcre_25,True
soundscape_1000170626_hawgoo_25,True
soundscape_1000170626_hawhaw_25,True
soundscape_1000170626_hawpet1_25,True
soundscape_1000170626_houfin_25,True
soundscape_1000170626_iiwi_25,False
soundscape_1000170626_jabwar_25,True
soundscape_1000170626_maupar_25,True
soundscape_1000170626_omao_25,True
soundscape_1000170626_puaioh_25,True
soundscape_1000170626_skylar_25,True
soundscape_1000170626_warwhe1_25,True
soundscape_1000170626_yefcan_25,True
soundscape_1000170626_akiapo_30,True
soundscape_1000170626_aniani_30,True
soundscape_1000170626_apapan_30,True
soundscape_1000170626_barpet_30,True
soundscape_1000170626_crehon_30,True
soundscape_1000170626_elepai_30,True
soundscape_1000170626_ercfra_30,True
soundscape_1000170626_hawama_30,True
soundscape_1000170626_hawcre_30,True
soundscape_1000170626_hawgoo_30,True
soundscape_1000170626_hawhaw_30,True
soundscape_1000170626_hawpet1_30,True
soundscape_1000170626_houfin_30,True
soundscape_1000170626_iiwi_30,True
soundscape_1000170626_jabwar_30,True
soundscape_1000170626_maupar_30,True
soundscape_1000170626_omao_30,True
soundscape_1000170626_puaioh_30,True
soundscape_1000170626_skylar_30,True
soundscape_1000170626_warwhe1_30,True
soundscape_1000170626_yefcan_30,True
soundscape_1000170626_akiapo_35,True
soundscape_1000170626_aniani_35,True
soundscape_1000170626_apapan_35,True
soundscape_1000170626_barpet_35,True
soundscape_1000170626_crehon_35,True
soundscape_1000170626_elepai_35,True
soundscape_1000170626_ercfra_35,True
soundscape_1000170626_hawama_35,True
soundscape_1000170626_hawcre_35,True
soundscape_1000170626_hawgoo_35,True
soundscape_1000170626_hawhaw_35,True
soundscape_1000170626_hawpet1_35,True
soundscape_1000170626_houfin_35,True
soundscape_1000170626_iiwi_35,True
soundscape_1000170626_jabwar_35,True
soundscape_1000170626_maupar_35,True
soundscape_1000170626_omao_35,True
soundscape_1000170626_puaioh_35,True
soundscape_1000170626_skylar_35,True
soundscape_1000170626_warwhe1_35,True
soundscape_1000170626_yefcan_35,True
soundscape_1000170626_akiapo_40,True
soundscape_1000170626_aniani_40,True
soundscape_1000170626_apapan_40,True
soundscape_1000170626_barpet_40,True
soundscape_1000170626_crehon_40,True
soundscape_1000170626_elepai_40,True
soundscape_1000170626_ercfra_40,True
soundscape_1000170626_hawama_40,True
soundscape_1000170626_hawcre_40,True
soundscape_1000170626_hawgoo_40,True
soundscape_1000170626_hawhaw_40,True
soundscape_1000170626_hawpet1_40,True
soundscape_1000170626_houfin_40,True
soundscape_1000170626_iiwi_40,True
soundscape_1000170626_jabwar_40,True
soundscape_1000170626_maupar_40,True
soundscape_1000170626_omao_40,True
soundscape_1000170626_puaioh_40,True
soundscape_1000170626_skylar_40,True
soundscape_1000170626_warwhe1_40,True
soundscape_1000170626_yefcan_40,True
soundscape_1000170626_akiapo_45,True
soundscape_1000170626_aniani_45,True
soundscape_1000170626_apapan_45,True
soundscape_1000170626_barpet_45,True
soundscape_1000170626_crehon_45,True
soundscape_1000170626_elepai_45,True
soundscape_1000170626_ercfra_45,True
soundscape_1000170626_hawama_45,True
soundscape_1000170626_hawcre_45,True
soundscape_1000170626_hawgoo_45,True
soundscape_1000170626_hawhaw_45,True
soundscape_1000170626_hawpet1_45,True
soundscape_1000170626_houfin_45,True
soundscape_1000170626_iiwi_45,True
soundscape_1000170626_jabwar_45,True
soundscape_1000170626_maupar_45,True
soundscape_1000170626_omao_45,True
soundscape_1000170626_puaioh_45,True
soundscape_1000170626_skylar_45,True
soundscape_1000170626_warwhe1_45,True
soundscape_1000170626_yefcan_45,True
soundscape_1000170626_akiapo_50,True
soundscape_1000170626_aniani_50,True
soundscape_1000170626_apapan_50,True
soundscape_1000170626_barpet_50,True
soundscape_1000170626_crehon_50,True
soundscape_1000170626_elepai_50,True
soundscape_1000170626_ercfra_50,True
soundscape_1000170626_hawama_50,True
soundscape_1000170626_hawcre_50,True
soundscape_1000170626_hawgoo_50,True
soundscape_1000170626_hawhaw_50,True
soundscape_1000170626_hawpet1_50,True
soundscape_1000170626_houfin_50,True
soundscape_1000170626_iiwi_50,True
soundscape_1000170626_jabwar_50,True
soundscape_1000170626_maupar_50,True
soundscape_1000170626_omao_50,True
soundscape_1000170626_puaioh_50,True
soundscape_1000170626_skylar_50,True
soundscape_1000170626_warwhe1_50,True
soundscape_1000170626_yefcan_50,True
soundscape_1000170626_akiapo_55,True
soundscape_1000170626_aniani_55,True
soundscape_1000170626_apapan_55,True
soundscape_1000170626_barpet_55,True
soundscape_1000170626_crehon_55,True
soundscape_1000170626_elepai_55,True
soundscape_1000170626_ercfra_55,True
soundscape_1000170626_hawama_55,True
soundscape_1000170626_hawcre_55,True
soundscape_1000170626_hawgoo_55,True
soundscape_1000170626_hawhaw_55,True
soundscape_1000170626_hawpet1_55,True
soundscape_1000170626_houfin_55,True
soundscape_1000170626_iiwi_55,True
soundscape_1000170626_jabwar_55,True
soundscape_1000170626_maupar_55,True
soundscape_1000170626_omao_55,True
soundscape_1000170626_puaioh_55,True
soundscape_1000170626_skylar_55,True
soundscape_1000170626_warwhe1_55,True
soundscape_1000170626_yefcan_55,True
soundscape_1000170626_akiapo_60,True
soundscape_1000170626_aniani_60,True
soundscape_1000170626_apapan_60,True
soundscape_1000170626_barpet_60,True
soundscape_1000170626_crehon_60,True
soundscape_1000170626_elepai_60,True
soundscape_1000170626_ercfra_60,True
soundscape_1000170626_hawama_60,True
soundscape_1000170626_hawcre_60,True
soundscape_1000170626_hawgoo_60,True
soundscape_1000170626_hawhaw_60,True
soundscape_1000170626_hawpet1_60,True
soundscape_1000170626_houfin_60,True
soundscape_1000170626_iiwi_60,True
soundscape_1000170626_jabwar_60,True
soundscape_1000170626_maupar_60,True
soundscape_1000170626_omao_60,True
soundscape_1000170626_puaioh_60,True
soundscape_1000170626_skylar_60,True
soundscape_1000170626_warwhe1_60,True
soundscape_1000170626_yefcan_60,True
